name;email;country
Zane Russo;sit.amet@icloud.edu;Ukraine
Britanney Goodwin;lacus.etiam.bibendum@aol.ca;Austria
Diana Hester;ridiculus.mus@icloud.org;Norway
Clio House;praesent@google.org;South Korea
Keaton Leon;donec.felis@yahoo.couk;Colombia
Dante Rich;id.nunc.interdum@google.couk;Indonesia
Chiquita Everett;eget.magna.suspendisse@outlook.edu;Costa Rica
Ulric Welch;vitae@aol.com;China
Octavia Valencia;ornare.fusce@aol.couk;France
Deborah Shannon;at.nisi@protonmail.com;Austria
Hilda Cole;varius.nam@hotmail.couk;Brazil
Libby Miranda;tristique.senectus@google.ca;India
Marcia Clemons;sagittis.duis@aol.com;Vietnam
Sacha Pope;tempor.bibendum@aol.couk;Peru
Christopher Dean;cras.eu@icloud.net;Austria
Sawyer Burris;ullamcorper@protonmail.org;South Korea
Marvin Salas;non.sapien.molestie@aol.edu;Turkey
Hadassah Conway;sed@yahoo.org;Austria
Keiko Mccall;duis@outlook.ca;Russian Federation
Alyssa Delgado;et.malesuada@hotmail.org;Australia
Aretha Ware;tempor.erat.neque@outlook.org;South Korea
MacKenzie Fields;malesuada.fames@icloud.couk;New Zealand
Lilah Munoz;aenean.euismod@yahoo.org;Austria
Tatum Hayes;non.nisi.aenean@yahoo.net;Indonesia
Stacey Snyder;hymenaeos.mauris@outlook.ca;Turkey
Ezekiel Little;lorem.eu.metus@protonmail.org;Norway
Roanna Holmes;sollicitudin.orci@google.org;Ireland
Daphne Randall;ac.nulla.in@outlook.ca;Indonesia
Nichole Whitney;risus.at@aol.edu;Canada
Ethan Whitney;at.lacus@yahoo.net;Norway
Ivy Mcfadden;mattis.ornare@icloud.couk;South Korea
Zephania Austin;ac.tellus@icloud.com;Austria
Boris Dillard;leo.cras.vehicula@icloud.edu;Philippines
Flavia David;nisi.sem@icloud.ca;Germany
Jelani Morse;nec.euismod@outlook.couk;France
Neville Wilson;mattis@protonmail.ca;Australia
Colby Holland;duis.cursus.diam@outlook.edu;Turkey
Ruth Gray;sit.amet@aol.couk;Colombia
Jerome Johnston;dolor.quam@hotmail.org;Norway
Amir Cleveland;donec.est@aol.org;Colombia
Sawyer Farrell;quam@outlook.org;Costa Rica
Ria Eaton;purus.nullam@icloud.org;Singapore
Orlando Freeman;fusce.aliquam@outlook.ca;Belgium
Cally Hatfield;pharetra.quisque@icloud.edu;Chile
Darryl Finch;pede.malesuada@yahoo.org;China
Arden Dodson;lacus.aliquam@hotmail.edu;Netherlands
Dolan Fernandez;rutrum@aol.ca;Spain
Morgan Roberts;eu.odio@google.ca;Italy
Jameson Carlson;neque.nullam.nisl@protonmail.couk;Norway
Simone Figueroa;eleifend.cras@outlook.ca;India